{
    "Signal_800_200": {
        "b": 0.03199999999999992,
        "c": 0.14620000000000213,
        "udsg": 0.0858000000000004
    },
    "Signal_400_100": {
        "b": 0.02999999999999993,
        "c": 0.1694000000000028,
        "udsg": 0.10520000000000096
    },
    "ST_t-channel_antitop": {
        "b": 0.10620000000000099,
        "c": 0.3001999999999996,
        "udsg": 0.3001999999999996
    },
    "ZGToLLG": {
        "b": 0.08660000000000043,
        "c": 0.10460000000000094,
        "udsg": 0.07240000000000002
    },
    "Signal_600_200": {
        "b": 0.030999999999999923,
        "c": 0.15840000000000248,
        "udsg": 0.08740000000000045
    },
    "ZZZ": {
        "b": 0.3001999999999996,
        "c": 0.3001999999999996,
        "udsg": 0.3001999999999996
    },
    "ZZ": {
        "b": 0.15100000000000227,
        "c": 0.3001999999999996,
        "udsg": 0.2502000000000051
    },
    "ST_t-channel_top": {
        "b": 0.07460000000000008,
        "c": 0.26760000000000317,
        "udsg": 0.2502000000000051
    },
    "WW": {
        "b": 0.27760000000000207,
        "c": 0.3001999999999996,
        "udsg": 0.16040000000000254
    },
    "Signal_600_400": {
        "b": 0.03199999999999992,
        "c": 0.15840000000000248,
        "udsg": 0.09040000000000054
    },
    "Signal_1000_300": {
        "b": 0.033799999999999907,
        "c": 0.12940000000000165,
        "udsg": 0.08400000000000035
    },
    "TTGJets": {
        "b": 0.2718000000000027,
        "c": 0.3001999999999996,
        "udsg": 0.3001999999999996
    },
    "TTToSemiLeptonic": {
        "b": 0.022799999999999973,
        "c": 0.0517999999999998,
        "udsg": 0.05499999999999978
    },
    "TTTo2L2Nu": {
        "b": 0.005599999999999998,
        "c": 0.027399999999999945,
        "udsg": 0.01660000000000001
    },
    "ST_tW_antitop": {
        "b": 0.04599999999999983,
        "c": 0.22980000000000453,
        "udsg": 0.1376000000000019
    },
    "ST_tW_top": {
        "b": 0.04599999999999983,
        "c": 0.22400000000000436,
        "udsg": 0.141800000000002
    },
    "WZ": {
        "b": 0.2502000000000051,
        "c": 0.14320000000000205,
        "udsg": 0.09560000000000068
    },
    "WWW": {
        "b": 0.3001999999999996,
        "c": 0.3001999999999996,
        "udsg": 0.3001999999999996
    },
    "WWZ": {
        "b": 0.3001999999999996,
        "c": 0.3001999999999996,
        "udsg": 0.3001999999999996
    },
    "Signal_800_400": {
        "b": 0.03199999999999992,
        "c": 0.14320000000000205,
        "udsg": 0.08640000000000042
    },
    "WZZ": {
        "b": 0.3001999999999996,
        "c": 0.3001999999999996,
        "udsg": 0.3001999999999996
    },
    "TTGamma": {
        "b": 0.019599999999999992,
        "c": 0.10180000000000086,
        "udsg": 0.055599999999999775
    },
    "DYJetsToLL": {
        "b": 0.04279999999999985,
        "c": 0.06619999999999984,
        "udsg": 0.04439999999999984
    }
}