{
    "Signal_800_200": {
        "b": 0.024000000000000007,
        "c": 0.06400000000000004,
        "udsg": 0.034000000000000016
    },
    "Signal_400_100": {
        "b": 0.022000000000000006,
        "c": 0.07200000000000005,
        "udsg": 0.03600000000000002
    },
    "ZGToLLG": {
        "b": 0.08000000000000006,
        "c": 0.06800000000000005,
        "udsg": 0.03600000000000002
    },
    "ZZZ": {
        "b": 0.1320000000000001,
        "c": 0.2780000000000002,
        "udsg": 0.17000000000000012
    },
    "ZZ": {
        "b": 0.07800000000000006,
        "c": 0.10800000000000008,
        "udsg": 0.06400000000000004
    },
    "WW": {
        "b": 0.21200000000000016,
        "c": 0.19600000000000015,
        "udsg": 0.08600000000000006
    },
    "Signal_500_200": {
        "b": 0.024000000000000007,
        "c": 0.07000000000000005,
        "udsg": 0.03600000000000002
    },
    "Signal_1000_400": {
        "b": 0.02600000000000001,
        "c": 0.06200000000000004,
        "udsg": 0.032000000000000015
    },
    "Signal_600_100": {
        "b": 0.022000000000000006,
        "c": 0.06600000000000004,
        "udsg": 0.034000000000000016
    },
    "TTGJets": {
        "b": 0.16900000000000004,
        "c": 0.2980000000000002,
        "udsg": 0.2680000000000002
    },
    "TTToSemiLeptonic": {
        "b": 0.016,
        "c": 0.02600000000000001,
        "udsg": 0.020000000000000004
    },
    "TTTo2L2Nu": {
        "b": 0.008,
        "c": 0.016,
        "udsg": 0.010000000000000002
    },
    "Signal_500_100": {
        "b": 0.022000000000000006,
        "c": 0.07000000000000005,
        "udsg": 0.034000000000000016
    },
    "ST_tW_antitop": {
        "b": 0.030000000000000013,
        "c": 0.08400000000000006,
        "udsg": 0.04800000000000003
    },
    "ST_tW_top": {
        "b": 0.028000000000000004,
        "c": 0.08800000000000006,
        "udsg": 0.04600000000000003
    },
    "Signal_1000_100": {
        "b": 0.024000000000000007,
        "c": 0.06200000000000004,
        "udsg": 0.034000000000000016
    },
    "WZ": {
        "b": 0.22200000000000017,
        "c": 0.08000000000000006,
        "udsg": 0.04800000000000003
    },
    "WWW": {
        "b": 0.5010000000000003,
        "c": 0.5010000000000003,
        "udsg": 0.3720000000000003
    },
    "WWZ": {
        "b": 0.5010000000000003,
        "c": 0.3160000000000002,
        "udsg": 0.16000000000000011
    },
    "WZZ": {
        "b": 0.18200000000000013,
        "c": 0.17200000000000013,
        "udsg": 0.11800000000000009
    },
    "TTGamma": {
        "b": 0.013999999999999999,
        "c": 0.04800000000000003,
        "udsg": 0.022000000000000006
    },
    "DYJetsToLL": {
        "b": 0.02800000000000001,
        "c": 0.030000000000000013,
        "udsg": 0.018000000000000002
    }
}