{
    "Signal_800_200": {
        "b": 0.033000000000000015,
        "c": 0.08700000000000006,
        "udsg": 0.031000000000000014
    },
    "Signal_400_100": {
        "b": 0.031000000000000014,
        "c": 0.10300000000000008,
        "udsg": 0.033000000000000015
    },
    "ST_t-channel_antitop": {
        "b": 0.09500000000000007,
        "c": 0.25500000000000017,
        "udsg": 0.09500000000000007
    },
    "ZGToLLG": {
        "b": 0.07700000000000005,
        "c": 0.06700000000000005,
        "udsg": 0.02500000000000001
    },
    "Signal_600_200": {
        "b": 0.031000000000000014,
        "c": 0.08700000000000006,
        "udsg": 0.031000000000000014
    },
    "ZZZ": {
        "b": 0.2570000000000002,
        "c": 0.402,
        "udsg": 0.1510000000000001
    },
    "ZZ": {
        "b": 0.1330000000000001,
        "c": 0.19300000000000014,
        "udsg": 0.06700000000000005
    },
    "ST_t-channel_top": {
        "b": 0.07100000000000005,
        "c": 0.17100000000000012,
        "udsg": 0.06300000000000004
    },
    "WW": {
        "b": 0.25500000000000017,
        "c": 0.18500000000000014,
        "udsg": 0.05300000000000003
    },
    "Signal_600_400": {
        "b": 0.033000000000000015,
        "c": 0.09500000000000007,
        "udsg": 0.033000000000000015
    },
    "Signal_1000_300": {
        "b": 0.03500000000000002,
        "c": 0.08500000000000006,
        "udsg": 0.031000000000000014
    },
    "TTGJets": {
        "b": 0.21300000000000016,
        "c": 0.5010000000000003,
        "udsg": 0.20300000000000015
    },
    "TTToSemiLeptonic": {
        "b": 0.022,
        "c": 0.03500000000000002,
        "udsg": 0.021000000000000005
    },
    "TTTo2L2Nu": {
        "b": 0.009000000000000001,
        "c": 0.021000000000000005,
        "udsg": 0.011000000000000001
    },
    "ST_tW_antitop": {
        "b": 0.042,
        "c": 0.12500000000000008,
        "udsg": 0.045000000000000026
    },
    "ST_tW_top": {
        "b": 0.044000000000000004,
        "c": 0.1310000000000001,
        "udsg": 0.04900000000000003
    },
    "WZ": {
        "b": 0.20900000000000016,
        "c": 0.08500000000000006,
        "udsg": 0.03500000000000002
    },
    "WWW": {
        "b": 0.5010000000000003,
        "c": 0.5010000000000003,
        "udsg": 0.32100000000000023
    },
    "WWZ": {
        "b": 0.5010000000000003,
        "c": 0.47400000000000003,
        "udsg": 0.21500000000000016
    },
    "Signal_800_400": {
        "b": 0.033000000000000015,
        "c": 0.08500000000000006,
        "udsg": 0.031000000000000014
    },
    "WZZ": {
        "b": 0.2570000000000002,
        "c": 0.3030000000000002,
        "udsg": 0.1290000000000001
    },
    "TTGamma": {
        "b": 0.019000000000000003,
        "c": 0.06700000000000005,
        "udsg": 0.023000000000000007
    },
    "DYJetsToLL": {
        "b": 0.043000000000000024,
        "c": 0.045000000000000026,
        "udsg": 0.017
    }
}