{
    "Signal_600_300": {
        "b": 0.023000000000000007,
        "c": 0.06100000000000004,
        "udsg": 0.021000000000000005
    },
    "ZGToLLG": {
        "b": 0.07700000000000005,
        "c": 0.06100000000000004,
        "udsg": 0.019000000000000003
    },
    "ZZZ": {
        "b": 0.1210000000000001,
        "c": 0.1530000000000001,
        "udsg": 0.06500000000000004
    },
    "ZZ": {
        "b": 0.06300000000000004,
        "c": 0.07500000000000005,
        "udsg": 0.031000000000000014
    },
    "WW": {
        "b": 0.21300000000000016,
        "c": 0.17700000000000013,
        "udsg": 0.04100000000000002
    },
    "TTGJets": {
        "b": 0.12500000000000008,
        "c": 0.32700000000000023,
        "udsg": 0.10300000000000008
    },
    "TTToSemiLeptonic": {
        "b": 0.019000000000000003,
        "c": 0.02700000000000001,
        "udsg": 0.015000000000000001
    },
    "TTTo2L2Nu": {
        "b": 0.007,
        "c": 0.013000000000000001,
        "udsg": 0.007
    },
    "ST_tW_antitop": {
        "b": 0.02700000000000001,
        "c": 0.07100000000000005,
        "udsg": 0.023000000000000007
    },
    "ST_tW_top": {
        "b": 0.02700000000000001,
        "c": 0.06700000000000005,
        "udsg": 0.023000000000000007
    },
    "Signal_1000_100": {
        "b": 0.02500000000000001,
        "c": 0.055000000000000035,
        "udsg": 0.019000000000000003
    },
    "WZ": {
        "b": 0.18500000000000014,
        "c": 0.07100000000000005,
        "udsg": 0.02700000000000001
    },
    "WWW": {
        "b": 0.5010000000000003,
        "c": 0.45300000000000035,
        "udsg": 0.1450000000000001
    },
    "WWZ": {
        "b": 0.5010000000000003,
        "c": 0.18300000000000013,
        "udsg": 0.09300000000000007
    },
    "WZZ": {
        "b": 0.18700000000000014,
        "c": 0.17900000000000013,
        "udsg": 0.06900000000000005
    },
    "TTGamma": {
        "b": 0.015000000000000001,
        "c": 0.03700000000000002,
        "udsg": 0.013000000000000001
    },
    "DYJetsToLL": {
        "b": 0.02700000000000001,
        "c": 0.02700000000000001,
        "udsg": 0.011000000000000001
    }
}