{
    "Signal_600_300": {
        "b": 0.022999999999999972,
        "c": 0.11580000000000126,
        "udsg": 0.0998000000000008
    },
    "ZGToLLG": {
        "b": 0.08280000000000032,
        "c": 0.1240000000000015,
        "udsg": 0.1206000000000014
    },
    "ZZZ": {
        "b": 0.1342000000000018,
        "c": 0.3001999999999996,
        "udsg": 0.3001999999999996
    },
    "ZZ": {
        "b": 0.06939999999999993,
        "c": 0.13640000000000185,
        "udsg": 0.1626000000000026
    },
    "WW": {
        "b": 0.2584000000000042,
        "c": 0.3001999999999996,
        "udsg": 0.27760000000000207
    },
    "TTGJets": {
        "b": 0.14440000000000208,
        "c": 0.3001999999999996,
        "udsg": 0.3001999999999996
    },
    "TTToSemiLeptonic": {
        "b": 0.017600000000000005,
        "c": 0.04019999999999987,
        "udsg": 0.05779999999999976
    },
    "TTTo2L2Nu": {
        "b": 0.003400000000000001,
        "c": 0.016400000000000012,
        "udsg": 0.013200000000000009
    },
    "ST_tW_antitop": {
        "b": 0.025999999999999954,
        "c": 0.12240000000000145,
        "udsg": 0.11740000000000131
    },
    "ST_tW_top": {
        "b": 0.025799999999999955,
        "c": 0.11660000000000129,
        "udsg": 0.12240000000000145
    },
    "Signal_1000_100": {
        "b": 0.023999999999999966,
        "c": 0.0998000000000008,
        "udsg": 0.09160000000000057
    },
    "WZ": {
        "b": 0.2186000000000042,
        "c": 0.12520000000000153,
        "udsg": 0.15460000000000237
    },
    "WWW": {
        "b": 0.3001999999999996,
        "c": 0.3001999999999996,
        "udsg": 0.3001999999999996
    },
    "WWZ": {
        "b": 0.3001999999999996,
        "c": 0.3001999999999996,
        "udsg": 0.3001999999999996
    },
    "WZZ": {
        "b": 0.2274000000000043,
        "c": 0.3001999999999996,
        "udsg": 0.3001999999999996
    },
    "TTGamma": {
        "b": 0.011200000000000003,
        "c": 0.05999999999999975,
        "udsg": 0.04799999999999982
    },
    "DYJetsToLL": {
        "b": 0.027599999999999944,
        "c": 0.045799999999999834,
        "udsg": 0.05019999999999981
    }
}