{
    "Signal_800_200": {
        "b": 0.02139999999999998,
        "c": 0.08340000000000033,
        "udsg": 0.04979999999999981
    },
    "Signal_400_100": {
        "b": 0.019599999999999992,
        "c": 0.09360000000000063,
        "udsg": 0.05319999999999979
    },
    "ZGToLLG": {
        "b": 0.07380000000000006,
        "c": 0.10380000000000092,
        "udsg": 0.053799999999999785
    },
    "ZZZ": {
        "b": 0.14240000000000202,
        "c": 0.3001999999999996,
        "udsg": 0.3001999999999996
    },
    "ZZ": {
        "b": 0.08040000000000025,
        "c": 0.13900000000000193,
        "udsg": 0.09780000000000075
    },
    "WW": {
        "b": 0.2186000000000042,
        "c": 0.2584000000000042,
        "udsg": 0.13520000000000182
    },
    "Signal_500_200": {
        "b": 0.020599999999999986,
        "c": 0.08860000000000048,
        "udsg": 0.053999999999999784
    },
    "Signal_1000_400": {
        "b": 0.022799999999999973,
        "c": 0.08300000000000032,
        "udsg": 0.04919999999999981
    },
    "Signal_600_100": {
        "b": 0.01999999999999999,
        "c": 0.08280000000000032,
        "udsg": 0.04959999999999981
    },
    "TTGJets": {
        "b": 0.19560000000000355,
        "c": 0.3001999999999996,
        "udsg": 0.3001999999999996
    },
    "TTToSemiLeptonic": {
        "b": 0.015200000000000014,
        "c": 0.030999999999999923,
        "udsg": 0.03159999999999992
    },
    "TTTo2L2Nu": {
        "b": 0.003600000000000001,
        "c": 0.016000000000000014,
        "udsg": 0.008999999999999998
    },
    "Signal_500_100": {
        "b": 0.019599999999999992,
        "c": 0.09400000000000064,
        "udsg": 0.0513999999999998
    },
    "ST_tW_antitop": {
        "b": 0.02839999999999994,
        "c": 0.11500000000000124,
        "udsg": 0.07260000000000003
    },
    "ST_tW_top": {
        "b": 0.02799999999999994,
        "c": 0.13040000000000168,
        "udsg": 0.06859999999999991
    },
    "Signal_1000_100": {
        "b": 0.021999999999999978,
        "c": 0.08020000000000024,
        "udsg": 0.04999999999999981
    },
    "WZ": {
        "b": 0.2360000000000047,
        "c": 0.10460000000000094,
        "udsg": 0.06779999999999989
    },
    "WWW": {
        "b": 0.3001999999999996,
        "c": 0.3001999999999996,
        "udsg": 0.3001999999999996
    },
    "WWZ": {
        "b": 0.3001999999999996,
        "c": 0.3001999999999996,
        "udsg": 0.2890000000000008
    },
    "WZZ": {
        "b": 0.19660000000000358,
        "c": 0.25520000000000453,
        "udsg": 0.18460000000000323
    },
    "TTGamma": {
        "b": 0.012800000000000008,
        "c": 0.05799999999999976,
        "udsg": 0.03299999999999991
    },
    "DYJetsToLL": {
        "b": 0.02659999999999995,
        "c": 0.037399999999999885,
        "udsg": 0.024599999999999962
    }
}