{
    "Signal_600_300": {
        "b": 0.021199999999999983,
        "c": 0.08980000000000052,
        "udsg": 0.048999999999999815
    },
    "ZGToLLG": {
        "b": 0.07900000000000021,
        "c": 0.08860000000000048,
        "udsg": 0.052399999999999794
    },
    "ZZZ": {
        "b": 0.12960000000000166,
        "c": 0.24520000000000497,
        "udsg": 0.16460000000000266
    },
    "ZZ": {
        "b": 0.06439999999999979,
        "c": 0.11420000000000122,
        "udsg": 0.0820000000000003
    },
    "WW": {
        "b": 0.2360000000000047,
        "c": 0.2890000000000008,
        "udsg": 0.11500000000000124
    },
    "TTGJets": {
        "b": 0.12860000000000163,
        "c": 0.3001999999999996,
        "udsg": 0.3001999999999996
    },
    "TTToSemiLeptonic": {
        "b": 0.016400000000000012,
        "c": 0.03339999999999991,
        "udsg": 0.032199999999999916
    },
    "TTTo2L2Nu": {
        "b": 0.003200000000000001,
        "c": 0.01360000000000001,
        "udsg": 0.0077999999999999944
    },
    "ST_tW_antitop": {
        "b": 0.023999999999999966,
        "c": 0.10340000000000091,
        "udsg": 0.058599999999999756
    },
    "ST_tW_top": {
        "b": 0.023999999999999966,
        "c": 0.09520000000000067,
        "udsg": 0.057199999999999765
    },
    "Signal_1000_100": {
        "b": 0.022199999999999977,
        "c": 0.08260000000000031,
        "udsg": 0.04659999999999983
    },
    "WZ": {
        "b": 0.2044000000000038,
        "c": 0.10020000000000082,
        "udsg": 0.0679999999999999
    },
    "WWW": {
        "b": 0.3001999999999996,
        "c": 0.3001999999999996,
        "udsg": 0.3001999999999996
    },
    "WWZ": {
        "b": 0.3001999999999996,
        "c": 0.3001999999999996,
        "udsg": 0.2981999999999998
    },
    "WZZ": {
        "b": 0.2146000000000041,
        "c": 0.3001999999999996,
        "udsg": 0.2082000000000039
    },
    "TTGamma": {
        "b": 0.010400000000000001,
        "c": 0.04939999999999981,
        "udsg": 0.025999999999999954
    },
    "DYJetsToLL": {
        "b": 0.025799999999999955,
        "c": 0.037199999999999886,
        "udsg": 0.022999999999999972
    }
}