{
    "Signal_500_300": {
        "b": 0.08280000000000032,
        "c": 0.3001999999999996,
        "udsg": 0.0750000000000001
    },
    "WW": {
        "b": 0.2754000000000023,
        "c": 0.19660000000000358,
        "udsg": 0.04759999999999982
    },
    "Signal_1000_300": {
        "b": 0.0345999999999999,
        "c": 0.09180000000000058,
        "udsg": 0.027599999999999944
    },
    "Signal_400_100": {
        "b": 0.02839999999999994,
        "c": 0.10160000000000086,
        "udsg": 0.027599999999999944
    },
    "WWW": {
        "b": 0.3001999999999996,
        "c": 0.3001999999999996,
        "udsg": 0.3001999999999996
    },
    "ST_t-channel_top": {
        "b": 0.16520000000000268,
        "c": 0.3001999999999996,
        "udsg": 0.12280000000000146
    },
    "WZZ": {
        "b": 0.26940000000000297,
        "c": 0.3001999999999996,
        "udsg": 0.1172000000000013
    },
    "ST_t-channel_antitop": {
        "b": 0.20580000000000384,
        "c": 0.3001999999999996,
        "udsg": 0.20880000000000393
    },
    "Signal_800_300": {
        "b": 0.0349999999999999,
        "c": 0.10220000000000087,
        "udsg": 0.03019999999999993
    },
    "ST_s-channel": {
        "b": 0.3001999999999996,
        "c": 0.3001999999999996,
        "udsg": 0.3001999999999996
    },
    "Signal_800_400": {
        "b": 0.3001999999999996,
        "c": 0.3001999999999996,
        "udsg": 0.3001999999999996
    },
    "Signal_1000_800": {
        "b": 0.11420000000000122,
        "c": 0.3001999999999996,
        "udsg": 0.09120000000000056
    },
    "WZTo3LNu": {
        "b": 0.3001999999999996,
        "c": 0.3001999999999996,
        "udsg": 0.3001999999999996
    },
    "ST_tW_top": {
        "b": 0.04759999999999982,
        "c": 0.14920000000000222,
        "udsg": 0.04659999999999983
    },
    "Signal_600_100": {
        "b": 0.07900000000000021,
        "c": 0.22760000000000447,
        "udsg": 0.07680000000000015
    },
    "Signal_1000_100": {
        "b": 0.3001999999999996,
        "c": 0.3001999999999996,
        "udsg": 0.3001999999999996
    },
    "ZGToLLG": {
        "b": 0.09640000000000071,
        "c": 0.06859999999999991,
        "udsg": 0.020799999999999985
    },
    "TTGJets": {
        "b": 0.3001999999999996,
        "c": 0.3001999999999996,
        "udsg": 0.2654000000000034
    },
    "Signal_800_100": {
        "b": 0.08840000000000048,
        "c": 0.2286000000000045,
        "udsg": 0.07220000000000001
    },
    "Signal_800_600": {
        "b": 0.3001999999999996,
        "c": 0.3001999999999996,
        "udsg": 0.24840000000000506
    },
    "ST_tW_antitop": {
        "b": 0.04499999999999984,
        "c": 0.1656000000000027,
        "udsg": 0.04439999999999984
    },
    "ZZTo4L": {
        "b": 0.3001999999999996,
        "c": 0.2388000000000048,
        "udsg": 0.06099999999999974
    },
    "ZZZ": {
        "b": 0.2582000000000042,
        "c": 0.3001999999999996,
        "udsg": 0.15740000000000245
    },
    "ZZ": {
        "b": 0.13920000000000193,
        "c": 0.1978000000000036,
        "udsg": 0.06099999999999974
    },
    "Signal_1000_400": {
        "b": 0.060599999999999744,
        "c": 0.16020000000000253,
        "udsg": 0.04679999999999983
    },
    "WWZ": {
        "b": 0.3001999999999996,
        "c": 0.3001999999999996,
        "udsg": 0.17420000000000294
    },
    "Signal_1000_600": {
        "b": 0.1314000000000017,
        "c": 0.3001999999999996,
        "udsg": 0.10140000000000085
    },
    "TTTo2L2Nu": {
        "b": 0.0053999999999999986,
        "c": 0.018000000000000002,
        "udsg": 0.005599999999999998
    },
    "TTToSemiLeptonic": {
        "b": 0.040599999999999865,
        "c": 0.057399999999999764,
        "udsg": 0.026999999999999948
    },
    "Signal_500_100": {
        "b": 0.09900000000000078,
        "c": 0.3001999999999996,
        "udsg": 0.09020000000000053
    },
    "WZ": {
        "b": 0.246000000000005,
        "c": 0.07920000000000021,
        "udsg": 0.02979999999999993
    },
    "ZZTo2L2Nu": {
        "b": 0.19460000000000352,
        "c": 0.15120000000000228,
        "udsg": 0.035799999999999894
    },
    "WWTo2L2Nu": {
        "b": 0.3001999999999996,
        "c": 0.3001999999999996,
        "udsg": 0.08460000000000037
    },
    "Signal_600_400": {
        "b": 0.3001999999999996,
        "c": 0.3001999999999996,
        "udsg": 0.3001999999999996
    },
    "Signal_600_300": {
        "b": 0.048999999999999815,
        "c": 0.15120000000000228,
        "udsg": 0.042399999999999854
    },
    "TTGamma": {
        "b": 0.020599999999999986,
        "c": 0.07340000000000005,
        "udsg": 0.018999999999999996
    },
    "Signal_400_200": {
        "b": 0.06179999999999974,
        "c": 0.2256000000000044,
        "udsg": 0.05919999999999975
    },
    "DYJetsToLL": {
        "b": 0.053999999999999784,
        "c": 0.05339999999999979,
        "udsg": 0.016200000000000013
    }
}