{
    "Signal_500_300": {
        "b": 0.04759999999999982,
        "c": 0.14800000000000219,
        "udsg": 0.04259999999999985
    },
    "WW": {
        "b": 0.2432000000000049,
        "c": 0.17460000000000295,
        "udsg": 0.04119999999999986
    },
    "Signal_1000_300": {
        "b": 0.04499999999999984,
        "c": 0.11840000000000134,
        "udsg": 0.033799999999999907
    },
    "WWW": {
        "b": 0.3001999999999996,
        "c": 0.3001999999999996,
        "udsg": 0.15280000000000232
    },
    "WZZ": {
        "b": 0.20960000000000395,
        "c": 0.1588000000000025,
        "udsg": 0.06959999999999994
    },
    "Signal_800_300": {
        "b": 0.01999999999999999,
        "c": 0.05339999999999979,
        "udsg": 0.015800000000000015
    },
    "ST_s-channel": {
        "b": 0.17780000000000304,
        "c": 0.3001999999999996,
        "udsg": 0.141600000000002
    },
    "Signal_1000_800": {
        "b": 0.02499999999999996,
        "c": 0.06419999999999979,
        "udsg": 0.018999999999999996
    },
    "WZTo3LNu": {
        "b": 0.3001999999999996,
        "c": 0.3001999999999996,
        "udsg": 0.22440000000000437
    },
    "ST_tW_top": {
        "b": 0.023599999999999968,
        "c": 0.0786000000000002,
        "udsg": 0.022399999999999975
    },
    "Signal_600_100": {
        "b": 0.019399999999999994,
        "c": 0.056999999999999766,
        "udsg": 0.01680000000000001
    },
    "ZGToLLG": {
        "b": 0.09180000000000058,
        "c": 0.062199999999999735,
        "udsg": 0.017200000000000007
    },
    "TTGJets": {
        "b": 0.3001999999999996,
        "c": 0.3001999999999996,
        "udsg": 0.3001999999999996
    },
    "Signal_800_100": {
        "b": 0.23640000000000472,
        "c": 0.3001999999999996,
        "udsg": 0.2048000000000038
    },
    "Signal_800_600": {
        "b": 0.04679999999999983,
        "c": 0.13200000000000173,
        "udsg": 0.03779999999999988
    },
    "Signal_800_200": {
        "b": 0.028599999999999938,
        "c": 0.07580000000000012,
        "udsg": 0.022999999999999972
    },
    "ST_tW_antitop": {
        "b": 0.02319999999999997,
        "c": 0.08380000000000035,
        "udsg": 0.022199999999999977
    },
    "ZZZ": {
        "b": 0.1278000000000016,
        "c": 0.142000000000002,
        "udsg": 0.06419999999999979
    },
    "ZZ": {
        "b": 0.06099999999999974,
        "c": 0.07660000000000014,
        "udsg": 0.026999999999999948
    },
    "Signal_1000_400": {
        "b": 0.12440000000000151,
        "c": 0.3001999999999996,
        "udsg": 0.09100000000000055
    },
    "WWZ": {
        "b": 0.3001999999999996,
        "c": 0.2046000000000038,
        "udsg": 0.09660000000000071
    },
    "Signal_1000_600": {
        "b": 0.04199999999999986,
        "c": 0.10420000000000093,
        "udsg": 0.030599999999999926
    },
    "TTTo2L2Nu": {
        "b": 0.003000000000000001,
        "c": 0.009399999999999999,
        "udsg": 0.003000000000000001
    },
    "TTToSemiLeptonic": {
        "b": 0.01979999999999999,
        "c": 0.027799999999999943,
        "udsg": 0.013400000000000009
    },
    "WZ": {
        "b": 0.2188000000000042,
        "c": 0.07059999999999997,
        "udsg": 0.024399999999999963
    },
    "ZZTo2L2Nu": {
        "b": 0.017800000000000003,
        "c": 0.015200000000000014,
        "udsg": 0.004000000000000001
    },
    "WWTo2L2Nu": {
        "b": 0.2590000000000041,
        "c": 0.13660000000000186,
        "udsg": 0.037599999999999884
    },
    "Signal_600_400": {
        "b": 0.10480000000000095,
        "c": 0.3001999999999996,
        "udsg": 0.09140000000000056
    },
    "TTGamma": {
        "b": 0.010800000000000002,
        "c": 0.03639999999999989,
        "udsg": 0.01
    },
    "DYJetsToLL": {
        "b": 0.031199999999999922,
        "c": 0.029199999999999934,
        "udsg": 0.008999999999999998
    }
}