{
    "Signal_800_200": {
        "b": 0.034000000000000016,
        "c": 0.09400000000000007,
        "udsg": 0.044000000000000025
    },
    "Signal_400_100": {
        "b": 0.032000000000000015,
        "c": 0.1220000000000001,
        "udsg": 0.04800000000000003
    },
    "ST_t-channel_antitop": {
        "b": 0.09800000000000007,
        "c": 0.33800000000000024,
        "udsg": 0.19000000000000014
    },
    "ZGToLLG": {
        "b": 0.08000000000000006,
        "c": 0.07200000000000005,
        "udsg": 0.03600000000000002
    },
    "Signal_600_200": {
        "b": 0.032000000000000015,
        "c": 0.10000000000000007,
        "udsg": 0.04600000000000003
    },
    "ZZZ": {
        "b": 0.2640000000000002,
        "c": 0.43500000000000005,
        "udsg": 0.24000000000000019
    },
    "ZZ": {
        "b": 0.1480000000000001,
        "c": 0.20000000000000015,
        "udsg": 0.10800000000000008
    },
    "ST_t-channel_top": {
        "b": 0.07400000000000005,
        "c": 0.19000000000000014,
        "udsg": 0.09800000000000007
    },
    "WW": {
        "b": 0.2620000000000002,
        "c": 0.22800000000000017,
        "udsg": 0.08400000000000006
    },
    "Signal_600_400": {
        "b": 0.034000000000000016,
        "c": 0.11200000000000009,
        "udsg": 0.04800000000000003
    },
    "Signal_1000_300": {
        "b": 0.03600000000000002,
        "c": 0.09400000000000007,
        "udsg": 0.044000000000000025
    },
    "TTGJets": {
        "b": 0.23400000000000018,
        "c": 0.5010000000000003,
        "udsg": 0.4200000000000003
    },
    "TTToSemiLeptonic": {
        "b": 0.022000000000000002,
        "c": 0.03800000000000002,
        "udsg": 0.02600000000000001
    },
    "TTTo2L2Nu": {
        "b": 0.008,
        "c": 0.022000000000000006,
        "udsg": 0.012
    },
    "ST_tW_antitop": {
        "b": 0.043000000000000003,
        "c": 0.1400000000000001,
        "udsg": 0.06600000000000004
    },
    "ST_tW_top": {
        "b": 0.044000000000000004,
        "c": 0.1540000000000001,
        "udsg": 0.07400000000000005
    },
    "WZ": {
        "b": 0.21200000000000016,
        "c": 0.09600000000000007,
        "udsg": 0.05200000000000003
    },
    "WWW": {
        "b": 0.5010000000000003,
        "c": 0.5010000000000003,
        "udsg": 0.5010000000000003
    },
    "WWZ": {
        "b": 0.5010000000000003,
        "c": 0.47300000000000003,
        "udsg": 0.4040000000000003
    },
    "Signal_800_400": {
        "b": 0.034000000000000016,
        "c": 0.09800000000000007,
        "udsg": 0.044000000000000025
    },
    "WZZ": {
        "b": 0.2720000000000002,
        "c": 0.3160000000000002,
        "udsg": 0.17400000000000013
    },
    "TTGamma": {
        "b": 0.019,
        "c": 0.07400000000000005,
        "udsg": 0.032000000000000015
    },
    "DYJetsToLL": {
        "b": 0.044000000000000025,
        "c": 0.05000000000000003,
        "udsg": 0.024000000000000007
    }
}