{
    "Signal_600_300": {
        "b": 0.024000000000000007,
        "c": 0.07000000000000005,
        "udsg": 0.032000000000000015
    },
    "ZGToLLG": {
        "b": 0.07800000000000006,
        "c": 0.06600000000000004,
        "udsg": 0.030000000000000013
    },
    "ZZZ": {
        "b": 0.1240000000000001,
        "c": 0.16400000000000012,
        "udsg": 0.11200000000000009
    },
    "ZZ": {
        "b": 0.06400000000000004,
        "c": 0.08400000000000006,
        "udsg": 0.05200000000000003
    },
    "WW": {
        "b": 0.24000000000000019,
        "c": 0.20400000000000015,
        "udsg": 0.07000000000000005
    },
    "TTGJets": {
        "b": 0.12800000000000009,
        "c": 0.3820000000000003,
        "udsg": 0.19600000000000015
    },
    "TTToSemiLeptonic": {
        "b": 0.020000000000000004,
        "c": 0.02800000000000001,
        "udsg": 0.020000000000000004
    },
    "TTTo2L2Nu": {
        "b": 0.006,
        "c": 0.014000000000000002,
        "udsg": 0.008
    },
    "ST_tW_antitop": {
        "b": 0.02600000000000001,
        "c": 0.08000000000000006,
        "udsg": 0.03800000000000002
    },
    "ST_tW_top": {
        "b": 0.02600000000000001,
        "c": 0.07600000000000005,
        "udsg": 0.03600000000000002
    },
    "Signal_1000_100": {
        "b": 0.024000000000000007,
        "c": 0.06400000000000004,
        "udsg": 0.02800000000000001
    },
    "WZ": {
        "b": 0.19200000000000014,
        "c": 0.07600000000000005,
        "udsg": 0.044000000000000025
    },
    "WWW": {
        "b": 0.5010000000000003,
        "c": 0.5010000000000003,
        "udsg": 0.2600000000000002
    },
    "WWZ": {
        "b": 0.5010000000000003,
        "c": 0.20600000000000016,
        "udsg": 0.1440000000000001
    },
    "WZZ": {
        "b": 0.20600000000000016,
        "c": 0.19600000000000015,
        "udsg": 0.10600000000000008
    },
    "TTGamma": {
        "b": 0.014000000000000002,
        "c": 0.04000000000000002,
        "udsg": 0.018000000000000002
    },
    "DYJetsToLL": {
        "b": 0.02800000000000001,
        "c": 0.030000000000000013,
        "udsg": 0.016
    }
}