{
    "Signal_800_200": {
        "b": 0.0343999999999999,
        "c": 0.16480000000000267,
        "udsg": 0.13520000000000182
    },
    "Signal_400_100": {
        "b": 0.03199999999999992,
        "c": 0.18920000000000337,
        "udsg": 0.15280000000000232
    },
    "ST_t-channel_antitop": {
        "b": 0.09280000000000117,
        "c": 0.3001999999999996,
        "udsg": 0.3001999999999996
    },
    "ZGToLLG": {
        "b": 0.09140000000000056,
        "c": 0.12840000000000162,
        "udsg": 0.10380000000000092
    },
    "Signal_600_200": {
        "b": 0.03279999999999991,
        "c": 0.17440000000000294,
        "udsg": 0.12840000000000162
    },
    "ZZZ": {
        "b": 0.3001999999999996,
        "c": 0.3001999999999996,
        "udsg": 0.3001999999999996
    },
    "ZZ": {
        "b": 0.14180000000000287,
        "c": 0.3001999999999996,
        "udsg": 0.3001999999999996
    },
    "ST_t-channel_top": {
        "b": 0.08020000000000024,
        "c": 0.3001999999999996,
        "udsg": 0.3001999999999996
    },
    "WW": {
        "b": 0.2890000000000008,
        "c": 0.3001999999999996,
        "udsg": 0.3001999999999996
    },
    "Signal_600_400": {
        "b": 0.033799999999999907,
        "c": 0.2044000000000038,
        "udsg": 0.1376000000000019
    },
    "Signal_1000_300": {
        "b": 0.03639999999999989,
        "c": 0.15640000000000243,
        "udsg": 0.13520000000000182
    },
    "TTGJets": {
        "b": 0.3001999999999996,
        "c": 0.3001999999999996,
        "udsg": 0.3001999999999996
    },
    "TTToSemiLeptonic": {
        "b": 0.024199999999999965,
        "c": 0.058999999999999754,
        "udsg": 0.07320000000000004
    },
    "TTTo2L2Nu": {
        "b": 0.0059999999999999975,
        "c": 0.032199999999999916,
        "udsg": 0.02319999999999997
    },
    "ST_tW_antitop": {
        "b": 0.048799999999999816,
        "c": 0.27760000000000207,
        "udsg": 0.20020000000000368
    },
    "ST_tW_top": {
        "b": 0.04939999999999981,
        "c": 0.2428000000000049,
        "udsg": 0.22400000000000436
    },
    "WZ": {
        "b": 0.2584000000000042,
        "c": 0.16460000000000266,
        "udsg": 0.15100000000000227
    },
    "WWW": {
        "b": 0.3001999999999996,
        "c": 0.3001999999999996,
        "udsg": 0.3001999999999996
    },
    "WWZ": {
        "b": 0.3001999999999996,
        "c": 0.3001999999999996,
        "udsg": 0.3001999999999996
    },
    "Signal_800_400": {
        "b": 0.034199999999999904,
        "c": 0.18280000000000318,
        "udsg": 0.13640000000000185
    },
    "WZZ": {
        "b": 0.3001999999999996,
        "c": 0.3001999999999996,
        "udsg": 0.3001999999999996
    },
    "TTGamma": {
        "b": 0.020599999999999986,
        "c": 0.11500000000000124,
        "udsg": 0.0822000000000003
    },
    "DYJetsToLL": {
        "b": 0.04499999999999984,
        "c": 0.07980000000000023,
        "udsg": 0.07240000000000002
    }
}