{
    "WW": {
        "b": 0.278200000000002,
        "c": 0.18880000000000335,
        "udsg": 0.04859999999999982
    },
    "Signal_1000_300": {
        "b": 0.03599999999999989,
        "c": 0.10060000000000083,
        "udsg": 0.029199999999999934
    },
    "Signal_400_100": {
        "b": 0.0998000000000008,
        "c": 0.3001999999999996,
        "udsg": 0.10000000000000081
    },
    "WWW": {
        "b": 0.3001999999999996,
        "c": 0.3001999999999996,
        "udsg": 0.3001999999999996
    },
    "ST_t-channel_top": {
        "b": 0.15980000000000252,
        "c": 0.3001999999999996,
        "udsg": 0.12220000000000145
    },
    "WZZ": {
        "b": 0.278200000000002,
        "c": 0.2010000000000037,
        "udsg": 0.10600000000000098
    },
    "Signal_1000_200": {
        "b": 0.13940000000000194,
        "c": 0.3001999999999996,
        "udsg": 0.12120000000000142
    },
    "ST_t-channel_antitop": {
        "b": 0.21980000000000424,
        "c": 0.3001999999999996,
        "udsg": 0.1694000000000028
    },
    "Signal_800_300": {
        "b": 0.1906000000000034,
        "c": 0.3001999999999996,
        "udsg": 0.1692000000000028
    },
    "ST_s-channel": {
        "b": 0.3001999999999996,
        "c": 0.3001999999999996,
        "udsg": 0.3001999999999996
    },
    "Signal_800_400": {
        "b": 0.3001999999999996,
        "c": 0.3001999999999996,
        "udsg": 0.24480000000000496
    },
    "ST_tW_top": {
        "b": 0.045399999999999836,
        "c": 0.17520000000000296,
        "udsg": 0.04919999999999981
    },
    "ZGToLLG": {
        "b": 0.12580000000000155,
        "c": 0.07720000000000016,
        "udsg": 0.022799999999999973
    },
    "TTGJets": {
        "b": 0.3001999999999996,
        "c": 0.3001999999999996,
        "udsg": 0.24700000000000502
    },
    "Signal_800_100": {
        "b": 0.06779999999999989,
        "c": 0.19800000000000362,
        "udsg": 0.05839999999999976
    },
    "Signal_800_200": {
        "b": 0.07400000000000007,
        "c": 0.26060000000000394,
        "udsg": 0.06259999999999974
    },
    "Signal_600_200": {
        "b": 0.052199999999999795,
        "c": 0.16360000000000263,
        "udsg": 0.048999999999999815
    },
    "ST_tW_antitop": {
        "b": 0.04439999999999984,
        "c": 0.15800000000000247,
        "udsg": 0.047399999999999824
    },
    "ZZTo4L": {
        "b": 0.1936000000000035,
        "c": 0.13680000000000186,
        "udsg": 0.030799999999999925
    },
    "ZZZ": {
        "b": 0.24780000000000504,
        "c": 0.3001999999999996,
        "udsg": 0.14920000000000222
    },
    "ZZ": {
        "b": 0.11260000000000117,
        "c": 0.1658000000000027,
        "udsg": 0.05599999999999977
    },
    "Signal_1000_400": {
        "b": 0.050799999999999804,
        "c": 0.14040000000000197,
        "udsg": 0.040799999999999864
    },
    "WWZ": {
        "b": 0.3001999999999996,
        "c": 0.3001999999999996,
        "udsg": 0.17160000000000286
    },
    "Signal_1000_600": {
        "b": 0.11960000000000137,
        "c": 0.3001999999999996,
        "udsg": 0.09900000000000078
    },
    "TTTo2L2Nu": {
        "b": 0.005599999999999998,
        "c": 0.019399999999999994,
        "udsg": 0.0059999999999999975
    },
    "TTToSemiLeptonic": {
        "b": 0.04179999999999986,
        "c": 0.062199999999999735,
        "udsg": 0.029199999999999934
    },
    "Signal_500_100": {
        "b": 0.0645999999999998,
        "c": 0.2324000000000046,
        "udsg": 0.06319999999999976
    },
    "WZ": {
        "b": 0.2536000000000047,
        "c": 0.07640000000000013,
        "udsg": 0.02999999999999993
    },
    "WWTo2L2Nu": {
        "b": 0.3001999999999996,
        "c": 0.3001999999999996,
        "udsg": 0.09540000000000068
    },
    "Signal_600_400": {
        "b": 0.05019999999999981,
        "c": 0.1622000000000026,
        "udsg": 0.04799999999999982
    },
    "TTGamma": {
        "b": 0.020799999999999985,
        "c": 0.0752000000000001,
        "udsg": 0.020999999999999984
    },
    "Signal_400_200": {
        "b": 0.06379999999999977,
        "c": 0.22780000000000447,
        "udsg": 0.0645999999999998
    },
    "DYJetsToLL": {
        "b": 0.05279999999999979,
        "c": 0.05419999999999978,
        "udsg": 0.01660000000000001
    }
}