{
    "WW": {
        "b": 0.2188000000000042,
        "c": 0.1696000000000028,
        "udsg": 0.04119999999999986
    },
    "Signal_1000_300": {
        "b": 0.22400000000000436,
        "c": 0.3001999999999996,
        "udsg": 0.14980000000000224
    },
    "WWW": {
        "b": 0.3001999999999996,
        "c": 0.3001999999999996,
        "udsg": 0.23140000000000457
    },
    "WZZ": {
        "b": 0.17900000000000307,
        "c": 0.15760000000000246,
        "udsg": 0.06779999999999989
    },
    "Signal_800_300": {
        "b": 0.04859999999999982,
        "c": 0.12960000000000166,
        "udsg": 0.03939999999999987
    },
    "ST_s-channel": {
        "b": 0.3001999999999996,
        "c": 0.3001999999999996,
        "udsg": 0.16720000000000274
    },
    "Signal_1000_800": {
        "b": 0.02479999999999996,
        "c": 0.062199999999999735,
        "udsg": 0.0184
    },
    "ST_tW_top": {
        "b": 0.027799999999999943,
        "c": 0.10260000000000088,
        "udsg": 0.025999999999999954
    },
    "Signal_1000_100": {
        "b": 0.12480000000000152,
        "c": 0.2432000000000049,
        "udsg": 0.0856000000000004
    },
    "ZGToLLG": {
        "b": 0.08260000000000031,
        "c": 0.0647999999999998,
        "udsg": 0.017400000000000006
    },
    "TTGJets": {
        "b": 0.20380000000000378,
        "c": 0.3001999999999996,
        "udsg": 0.2326000000000046
    },
    "Signal_800_100": {
        "b": 0.23640000000000472,
        "c": 0.3001999999999996,
        "udsg": 0.278000000000002
    },
    "Signal_500_200": {
        "b": 0.02319999999999997,
        "c": 0.07059999999999997,
        "udsg": 0.020799999999999985
    },
    "Signal_800_200": {
        "b": 0.03959999999999987,
        "c": 0.11100000000000113,
        "udsg": 0.03139999999999992
    },
    "Signal_600_200": {
        "b": 0.03299999999999991,
        "c": 0.09720000000000073,
        "udsg": 0.028799999999999937
    },
    "ST_tW_antitop": {
        "b": 0.02799999999999994,
        "c": 0.09300000000000061,
        "udsg": 0.02639999999999995
    },
    "ZZTo4L": {
        "b": 0.08960000000000051,
        "c": 0.06659999999999985,
        "udsg": 0.016200000000000013
    },
    "ZZZ": {
        "b": 0.13720000000000188,
        "c": 0.22420000000000437,
        "udsg": 0.08880000000000049
    },
    "ZZ": {
        "b": 0.07420000000000007,
        "c": 0.08600000000000041,
        "udsg": 0.03299999999999991
    },
    "WWZ": {
        "b": 0.3001999999999996,
        "c": 0.2548000000000046,
        "udsg": 0.10140000000000085
    },
    "TTTo2L2Nu": {
        "b": 0.003400000000000001,
        "c": 0.011000000000000003,
        "udsg": 0.003400000000000001
    },
    "TTToSemiLeptonic": {
        "b": 0.02339999999999997,
        "c": 0.03179999999999992,
        "udsg": 0.015400000000000014
    },
    "Signal_500_100": {
        "b": 0.0184,
        "c": 0.056999999999999766,
        "udsg": 0.01660000000000001
    },
    "WZ": {
        "b": 0.20940000000000394,
        "c": 0.06899999999999992,
        "udsg": 0.024399999999999963
    },
    "WWTo2L2Nu": {
        "b": 0.27880000000000194,
        "c": 0.18960000000000338,
        "udsg": 0.05299999999999979
    },
    "Signal_600_400": {
        "b": 0.2432000000000049,
        "c": 0.3001999999999996,
        "udsg": 0.24340000000000492
    },
    "Signal_600_300": {
        "b": 0.019599999999999992,
        "c": 0.05819999999999976,
        "udsg": 0.017000000000000008
    },
    "TTGamma": {
        "b": 0.013200000000000009,
        "c": 0.04499999999999984,
        "udsg": 0.012200000000000006
    },
    "DYJetsToLL": {
        "b": 0.03279999999999991,
        "c": 0.029599999999999932,
        "udsg": 0.008999999999999998
    }
}