{
    "Signal_800_200": {
        "b": 0.02500000000000001,
        "c": 0.055000000000000035,
        "udsg": 0.019000000000000003
    },
    "Signal_400_100": {
        "b": 0.023000000000000007,
        "c": 0.06300000000000004,
        "udsg": 0.021000000000000005
    },
    "ZGToLLG": {
        "b": 0.07300000000000005,
        "c": 0.06300000000000004,
        "udsg": 0.019000000000000003
    },
    "ZZZ": {
        "b": 0.12700000000000009,
        "c": 0.22300000000000017,
        "udsg": 0.08900000000000007
    },
    "ZZ": {
        "b": 0.07700000000000005,
        "c": 0.08700000000000006,
        "udsg": 0.03500000000000002
    },
    "WW": {
        "b": 0.20500000000000015,
        "c": 0.16900000000000012,
        "udsg": 0.043000000000000024
    },
    "Signal_500_200": {
        "b": 0.023000000000000007,
        "c": 0.06100000000000004,
        "udsg": 0.021000000000000005
    },
    "Signal_1000_400": {
        "b": 0.02500000000000001,
        "c": 0.055000000000000035,
        "udsg": 0.019000000000000003
    },
    "Signal_600_100": {
        "b": 0.023000000000000007,
        "c": 0.05700000000000004,
        "udsg": 0.021000000000000005
    },
    "TTGJets": {
        "b": 0.15200000000000002,
        "c": 0.3030000000000002,
        "udsg": 0.11500000000000009
    },
    "TTToSemiLeptonic": {
        "b": 0.016,
        "c": 0.02500000000000001,
        "udsg": 0.015000000000000001
    },
    "TTTo2L2Nu": {
        "b": 0.009000000000000001,
        "c": 0.015000000000000001,
        "udsg": 0.007
    },
    "Signal_500_100": {
        "b": 0.023000000000000007,
        "c": 0.06100000000000004,
        "udsg": 0.021000000000000005
    },
    "ST_tW_antitop": {
        "b": 0.029000000000000005,
        "c": 0.07700000000000005,
        "udsg": 0.02700000000000001
    },
    "ST_tW_top": {
        "b": 0.029000000000000005,
        "c": 0.07700000000000005,
        "udsg": 0.02700000000000001
    },
    "Signal_1000_100": {
        "b": 0.02500000000000001,
        "c": 0.055000000000000035,
        "udsg": 0.019000000000000003
    },
    "WZ": {
        "b": 0.20500000000000015,
        "c": 0.07100000000000005,
        "udsg": 0.02700000000000001
    },
    "WWW": {
        "b": 0.5010000000000003,
        "c": 0.5010000000000003,
        "udsg": 0.21500000000000016
    },
    "WWZ": {
        "b": 0.5010000000000003,
        "c": 0.23900000000000018,
        "udsg": 0.09700000000000007
    },
    "WZZ": {
        "b": 0.16900000000000012,
        "c": 0.1530000000000001,
        "udsg": 0.06900000000000005
    },
    "TTGamma": {
        "b": 0.015,
        "c": 0.04100000000000002,
        "udsg": 0.015000000000000001
    },
    "DYJetsToLL": {
        "b": 0.029000000000000012,
        "c": 0.02700000000000001,
        "udsg": 0.011000000000000001
    }
}