{
    "Signal_800_200": {
        "b": 0.023599999999999968,
        "c": 0.10820000000000105,
        "udsg": 0.0994000000000008
    },
    "Signal_400_100": {
        "b": 0.021199999999999983,
        "c": 0.12240000000000145,
        "udsg": 0.11500000000000124
    },
    "ZGToLLG": {
        "b": 0.08340000000000033,
        "c": 0.10720000000000102,
        "udsg": 0.1310000000000017
    },
    "ZZZ": {
        "b": 0.15620000000000242,
        "c": 0.3001999999999996,
        "udsg": 0.3001999999999996
    },
    "ZZ": {
        "b": 0.08360000000000034,
        "c": 0.18920000000000337,
        "udsg": 0.18280000000000318
    },
    "WW": {
        "b": 0.22400000000000436,
        "c": 0.3001999999999996,
        "udsg": 0.2890000000000008
    },
    "Signal_500_200": {
        "b": 0.022599999999999974,
        "c": 0.11420000000000122,
        "udsg": 0.11980000000000138
    },
    "Signal_1000_400": {
        "b": 0.02499999999999996,
        "c": 0.10520000000000096,
        "udsg": 0.09360000000000063
    },
    "Signal_600_100": {
        "b": 0.02179999999999998,
        "c": 0.10460000000000094,
        "udsg": 0.10280000000000089
    },
    "TTGJets": {
        "b": 0.18360000000000434,
        "c": 0.3001999999999996,
        "udsg": 0.3001999999999996
    },
    "TTToSemiLeptonic": {
        "b": 0.016400000000000012,
        "c": 0.038799999999999876,
        "udsg": 0.056999999999999766
    },
    "TTTo2L2Nu": {
        "b": 0.004000000000000001,
        "c": 0.019599999999999992,
        "udsg": 0.016400000000000012
    },
    "Signal_500_100": {
        "b": 0.02139999999999998,
        "c": 0.12540000000000154,
        "udsg": 0.0994000000000008
    },
    "ST_tW_antitop": {
        "b": 0.027999999999999924,
        "c": 0.15280000000000232,
        "udsg": 0.13900000000000193
    },
    "ST_tW_top": {
        "b": 0.027399999999999928,
        "c": 0.1694000000000028,
        "udsg": 0.14780000000000218
    },
    "Signal_1000_100": {
        "b": 0.024199999999999965,
        "c": 0.10400000000000093,
        "udsg": 0.11140000000000114
    },
    "WZ": {
        "b": 0.2360000000000047,
        "c": 0.1446000000000021,
        "udsg": 0.13640000000000185
    },
    "WWW": {
        "b": 0.3001999999999996,
        "c": 0.3001999999999996,
        "udsg": 0.3001999999999996
    },
    "WWZ": {
        "b": 0.3001999999999996,
        "c": 0.3001999999999996,
        "udsg": 0.3001999999999996
    },
    "WZZ": {
        "b": 0.22300000000000433,
        "c": 0.3001999999999996,
        "udsg": 0.3001999999999996
    },
    "TTGamma": {
        "b": 0.01380000000000001,
        "c": 0.07260000000000003,
        "udsg": 0.05779999999999976
    },
    "DYJetsToLL": {
        "b": 0.028799999999999937,
        "c": 0.04759999999999982,
        "udsg": 0.05659999999999977
    }
}